{"cameraMode":{"drawMode":0,"name":"Shaded","section":"Shading Mode"},"sceneLighting":false,"audioPlay":false,"sceneViewState":{"showFog":true,"showMaterialUpdate":true,"showSkybox":false,"showFlares":true,"showImageEffects":true,"showParticleSystems":true},"in2DMode":false,"pivot":{"x":-30.153642654418947,"y":0.2487151026725769,"z":25.06813621520996},"rotation":{"x":-0.007501404266804457,"y":0.9900029897689819,"z":-0.12873196601867677,"w":-0.057364411652088168},"size":2.8578836917877199,"orthographic":false}