{"cameraMode":{"drawMode":0,"name":"Shaded","section":"Shading Mode"},"sceneLighting":true,"audioPlay":false,"sceneViewState":{"showFog":true,"showMaterialUpdate":true,"showSkybox":true,"showFlares":true,"showImageEffects":true,"showParticleSystems":true},"in2DMode":false,"pivot":{"x":-61.566627502441409,"y":9.006779670715332,"z":159.6340789794922},"rotation":{"x":0.0020215094555169346,"y":0.9978881478309631,"z":-0.04974861443042755,"w":0.042556822299957278},"size":22.0,"orthographic":false}